First Name,Family Name,Gender,eMail,Race,Company,City,Country
Sarah,Reid,Female,sreid0@yellowpages.com,Laotian,Trunyx,Kuybyshev,Russia
Cynthia,King,Female,cking1@youtu.be,Cuban,Mymm,Torbeyevo,Russia
Sean,Collins,Male,scollins2@nba.com,Samoan,Plambee,Shazhenxi,China
Marilyn,Arnold,Female,marnold3@ted.com,Choctaw,Skibox,Nanqiu,China
Samuel,Hunt,Male,shunt4@technorati.com,Asian,Photobean,Sedayulawas,Indonesia
Cheryl,Kennedy,Female,ckennedy5@issuu.com,Chippewa,Topicware,La Gacilly,France
Frank,Powell,Male,fpowell6@furl.net,Nicaraguan,Podcat,Shcherbinka,Russia
Amy,Clark,Female,aclark7@rediff.com,Vietnamese,Eabox,Zhitan,China
Robert,Harrison,Male,rharrison8@trellian.com,Delaware,Blogspan,Leipsoí,Greece
Anne,Gonzales,Female,agonzales9@domainmarket.com,Asian Indian,Trilia,Jabranti,Indonesia
Stephen,Richards,Male,srichardsa@wp.com,Micronesian,Skynoodle,Taraan,Indonesia
Aaron,Gray,Male,agrayb@senate.gov,Venezuelan,Einti,Huangcaotuo,China
Lori,Olson,Female,lolsonc@nationalgeographic.com,Cherokee,Leenti,Qaţanah,Palestinian Territory
Robert,Bailey,Male,rbaileyd@mapy.cz,Creek,Skinix,Dolní Dvořiště,Czech Republic
Johnny,Hunter,Male,jhuntere@pagesperso-orange.fr,Aleut,Riffwire,Benešov,Czech Republic
Sara,Reid,Female,sreidf@noaa.gov,Filipino,Meemm,Xijiao,China
Emily,Andrews,Female,eandrewsg@cnn.com,Cherokee,Edgepulse,Dmanisi,Georgia
Jason,Graham,Male,jgrahamh@printfriendly.com,American Indian,Quinu,Bacnotan,Philippines
Raymond,Roberts,Male,rrobertsi@ihg.com,Pakistani,DabZ,Lubu,China
Margaret,Sanders,Female,msandersj@princeton.edu,Yaqui,Quinu,Mompós,Colombia
Kenneth,Watson,Male,kwatsonk@deviantart.com,Filipino,Izio,Baimiao,China
Ruby,Greene,Female,rgreenel@fastcompany.com,Samoan,Mybuzz,Olbramovice,Czech Republic
Adam,Ramirez,Male,aramirezm@tumblr.com,Chippewa,Zooveo,Haveliān,Pakistan
Michael,Phillips,Male,mphillipsn@sphinn.com,Honduran,Centizu,Gedangan,Indonesia
Lawrence,Frazier,Male,lfraziero@t.co,Asian Indian,Quimba,Keyinhe,China
Mary,Richards,Female,mrichardsp@netscape.com,Yaqui,Jabbertype,Piątnica,Poland
Lawrence,Reyes,Male,lreyesq@paginegialle.it,Cree,Einti,Menanga,Indonesia
Jesse,Moore,Male,jmoorer@netscape.com,Tohono O'Odham,Twitterwire,Suwangi Utara,Indonesia
Carolyn,Murphy,Female,cmurphys@ebay.com,Bolivian,Voomm,Paola,Malta
Diana,Campbell,Female,dcampbellt@prweb.com,Samoan,Centimia,Liping,China
Virginia,Mccoy,Female,vmccoyu@angelfire.com,Blackfeet,Flashspan,Bera,Bangladesh
Julie,King,Female,jkingv@auda.org.au,Paiute,Katz,Khawr Fakkān,United Arab Emirates
Phillip,Schmidt,Male,pschmidtw@yahoo.co.jp,Chinese,Flashset,Launceston,Australia
Jose,Fuller,Male,jfullerx@pen.io,Apache,Zoomlounge,Novonukutskiy,Russia
Bonnie,Montgomery,Female,bmontgomeryy@tinyurl.com,Asian Indian,Chatterpoint,Nuradilovo,Russia
Robin,Tucker,Female,rtuckerz@github.io,Delaware,Fanoodle,Elbasan,Albania
Kimberly,Garza,Female,kgarza10@pagesperso-orange.fr,Pakistani,Tagchat,Daguma,Philippines
Michelle,Gonzalez,Female,mgonzalez11@bbb.org,Cherokee,Muxo,Villa Carlos Paz,Argentina
Margaret,Henry,Female,mhenry12@xrea.com,Sioux,Thoughtstorm,Arshaluys,Armenia
Wayne,Edwards,Male,wedwards13@so-net.ne.jp,Korean,Twitternation,Inuotose,Japan
Christine,Adams,Female,cadams14@over-blog.com,Chamorro,Leenti,Moncton,Canada
Jennifer,Garrett,Female,jgarrett15@4shared.com,Nicaraguan,Trupe,Jurovski Dol,Slovenia
Joe,Robinson,Male,jrobinson16@freewebs.com,Tohono O'Odham,Devcast,Batu,Philippines
Fred,Hernandez,Male,fhernandez17@twitpic.com,Bangladeshi,Dynazzy,Caibarién,Cuba
Beverly,Stone,Female,bstone18@woothemes.com,Choctaw,Feedbug,Condega,Nicaragua
Howard,Pierce,Male,hpierce19@cdbaby.com,Asian,Jaxspan,Las Tejerías,Venezuela
Frank,Griffin,Male,fgriffin1a@etsy.com,Guamanian,Photospace,Xinfa,China
Helen,Banks,Female,hbanks1b@illinois.edu,Potawatomi,Twinte,Victoria,Malta
Linda,Gutierrez,Female,lgutierrez1c@issuu.com,Polynesian,Aimbu,Beijie,China
Heather,Dixon,Female,hdixon1d@seattletimes.com,Yuman,Skipstorm,Reading,United States
Lawrence,Johnson,Male,ljohnson1e@house.gov,Asian,Feedmix,Sabana Grande,Venezuela
Stephanie,Scott,Female,sscott1f@ucsd.edu,Venezuelan,Tagchat,Gaphatshwe,Botswana
Theresa,Kennedy,Female,tkennedy1g@quantcast.com,Polynesian,Dabtype,Pasirjengkol,Indonesia
Shawn,Stephens,Male,sstephens1h@tuttocitta.it,Seminole,Tagpad,Tonoas Municipal Building,Micronesia
Lois,Shaw,Female,lshaw1i@fc2.com,Iroquois,Yakitri,Huajialing,China
Richard,Flores,Male,rflores1j@seattletimes.com,Micronesian,BlogXS,Sundbyberg,Sweden
Martin,White,Male,mwhite1k@fda.gov,Aleut,Riffwire,Dardhas,Albania
Louis,Gonzales,Male,lgonzales1l@xing.com,Hmong,InnoZ,Kasturi,Indonesia
Alice,Kelly,Female,akelly1m@yolasite.com,Pueblo,Livefish,Palmar de Varela,Colombia
Donald,Diaz,Male,ddiaz1n@who.int,Argentinian,Reallinks,Huasahuasi,Peru
Brenda,Perry,Female,bperry1o@theglobeandmail.com,Cree,Twiyo,Onsŏng,North Korea
Shawn,Ray,Male,sray1p@shutterfly.com,Pueblo,Voolith,Lawesigalagala Timur,Indonesia
Tammy,Cook,Female,tcook1q@businessinsider.com,Vietnamese,Abata,Donduşeni,Moldova
Willie,Bowman,Male,wbowman1r@myspace.com,Eskimo,Skipfire,Bangbayang Kaler,Indonesia
Sandra,Simmons,Female,ssimmons1s@feedburner.com,Cuban,Vinte,Yerofey Pavlovich,Russia
Patricia,Morgan,Female,pmorgan1t@google.ru,Cuban,Skynoodle,Bílina Kyselka,Czech Republic
Jerry,Johnson,Male,jjohnson1u@fotki.com,Delaware,Roombo,Brusque,Brazil
Justin,Daniels,Male,jdaniels1v@deviantart.com,Guatemalan,Janyx,Hengxi,China
Lois,Carr,Female,lcarr1w@usgs.gov,Spaniard,Yadel,Kabongan Kidul,Indonesia
Bruce,Chapman,Male,bchapman1x@nih.gov,Chickasaw,Cogibox,Mełgiew,Poland
Justin,Adams,Male,jadams1y@moonfruit.com,Uruguayan,Mydo,Baytīn,Palestinian Territory
Denise,Fox,Female,dfox1z@drupal.org,Honduran,Izio,Agriá,Greece
Ronald,Gonzalez,Male,rgonzalez20@kickstarter.com,Navajo,Dabvine,Kayangel,Palau
Christine,Hernandez,Female,chernandez21@chicagotribune.com,Potawatomi,Jabbertype,Kopen,Indonesia
Walter,Fuller,Male,wfuller22@1688.com,American Indian and Alaska Native (AIAN),BlogXS,Moorreesburg,South Africa
Dorothy,Hamilton,Female,dhamilton23@histats.com,Pima,Zoonder,Anticala,Philippines
Louise,King,Female,lking24@cnet.com,Tongan,Topicblab,Liangzeng,China
Jeffrey,Jackson,Male,jjackson25@dropbox.com,Peruvian,Meezzy,Bonik,Indonesia
Shawn,Johnson,Male,sjohnson26@xrea.com,Japanese,Quinu,Moglicë,Albania
David,Armstrong,Male,darmstrong27@imdb.com,Paraguayan,Skyvu,Babana,Nigeria
Peter,Lynch,Male,plynch28@squidoo.com,Houma,Kwilith,Consuelo,Philippines
Frances,Baker,Female,fbaker29@dot.gov,Spaniard,Feedbug,Tsukumiura,Japan
Paula,Carter,Female,pcarter2a@liveinternet.ru,Native Hawaiian and Other Pacific Islander (NHPI),Youspan,N’dalatando,Angola
Virginia,Crawford,Female,vcrawford2b@yellowbook.com,Ute,Realblab,Dapdapan,Philippines
Terry,Kennedy,Male,tkennedy2c@apple.com,Colombian,Feedfish,Kuala Terengganu,Malaysia
Phillip,Burke,Male,pburke2d@loc.gov,Cheyenne,Tagpad,Blois,France
Randy,Reynolds,Male,rreynolds2e@wp.com,Pima,Browsebug,Frei,Norway
Chris,Morrison,Male,cmorrison2f@kickstarter.com,Filipino,Kazu,Maralik,Armenia
Anne,Howell,Female,ahowell2g@pen.io,Blackfeet,Linklinks,Vitória,Brazil
Joan,Richards,Female,jrichards2h@1688.com,Black or African American,Demimbu,Kebonan,Indonesia
Amy,Stevens,Female,astevens2i@youtu.be,Shoshone,Wordify,Cloyne,Ireland
Aaron,Fisher,Male,afisher2j@bbb.org,Yakama,Edgeblab,Nangela,Indonesia
Jeremy,Welch,Male,jwelch2k@oaic.gov.au,Lumbee,Latz,Cikuning,Indonesia
Todd,Chapman,Male,tchapman2l@mapy.cz,Aleut,Jabberstorm,Dongxiang,China
Lisa,Ellis,Female,lellis2m@google.com.hk,Creek,Photolist,Giesteira,Portugal
Betty,Carpenter,Female,bcarpenter2n@xing.com,Guamanian,Wordtune,Cikarang,Indonesia
Kimberly,Rose,Female,krose2o@altervista.org,Seminole,Babbleblab,Maungatapere,New Zealand
Louis,Montgomery,Male,lmontgomery2p@reuters.com,Filipino,Kwilith,Pryyutivka,Ukraine
Daniel,Gordon,Male,dgordon2q@webmd.com,Navajo,Skinder,Little Rock,United States
Karen,Little,Female,klittle2r@businessweek.com,Yakama,Centizu,Paihia,New Zealand
